HSI_path,Mask_path
/media/nas/LSL_Team/Data/2025_HYPOCHIR_Dataset/Segmentation/B0001/20250411_0022_ref,/media/nas/LSL_Team/Data/2025_HYPOCHIR_Dataset/Segmentation/B0001/20250411_0022_ref/Annotations/20250411_0022_ref.png
/media/nas/LSL_Team/Data/2025_HYPOCHIR_Dataset/Segmentation/B0001/20250411_0001_ref,/media/nas/LSL_Team/Data/2025_HYPOCHIR_Dataset/Segmentation/B0001/20250411_0001_ref/Annotations/20250411_0001_ref.png
/media/nas/LSL_Team/Data/2025_HYPOCHIR_Dataset/Segmentation/B0001/20250411_0002_ref,/media/nas/LSL_Team/Data/2025_HYPOCHIR_Dataset/Segmentation/B0001/20250411_0002_ref/Annotations/20250411_0002_ref.png
/media/nas/LSL_Team/Data/2025_HYPOCHIR_Dataset/Segmentation/B0001/20250411_0003_ref,/media/nas/LSL_Team/Data/2025_HYPOCHIR_Dataset/Segmentation/B0001/20250411_0003_ref/Annotations/20250411_0003_ref.png
/media/nas/LSL_Team/Data/2025_HYPOCHIR_Dataset/Segmentation/B0001/20250411_0004_ref,/media/nas/LSL_Team/Data/2025_HYPOCHIR_Dataset/Segmentation/B0001/20250411_0004_ref/Annotations/20250411_0004_ref.png
/media/nas/LSL_Team/Data/2025_HYPOCHIR_Dataset/Segmentation/B0001/20250411_0005_ref,/media/nas/LSL_Team/Data/2025_HYPOCHIR_Dataset/Segmentation/B0001/20250411_0005_ref/Annotations/20250411_0005_ref.png
/media/nas/LSL_Team/Data/2025_HYPOCHIR_Dataset/Segmentation/B0001/20250411_0006_ref,/media/nas/LSL_Team/Data/2025_HYPOCHIR_Dataset/Segmentation/B0001/20250411_0006_ref/Annotations/20250411_0006_ref.png
/media/nas/LSL_Team/Data/2025_HYPOCHIR_Dataset/Segmentation/B0001/20250411_0007_ref,/media/nas/LSL_Team/Data/2025_HYPOCHIR_Dataset/Segmentation/B0001/20250411_0007_ref/Annotations/20250411_0007_ref.png
/media/nas/LSL_Team/Data/2025_HYPOCHIR_Dataset/Segmentation/B0001/20250411_0008_ref,/media/nas/LSL_Team/Data/2025_HYPOCHIR_Dataset/Segmentation/B0001/20250411_0008_ref/Annotations/20250411_0008_ref.png
/media/nas/LSL_Team/Data/2025_HYPOCHIR_Dataset/Segmentation/B0001/20250411_0009_ref,/media/nas/LSL_Team/Data/2025_HYPOCHIR_Dataset/Segmentation/B0001/20250411_0009_ref/Annotations/20250411_0009_ref.png
/media/nas/LSL_Team/Data/2025_HYPOCHIR_Dataset/Segmentation/B0001/20250411_0010_ref,/media/nas/LSL_Team/Data/2025_HYPOCHIR_Dataset/Segmentation/B0001/20250411_0010_ref/Annotations/20250411_0010_ref.png
/media/nas/LSL_Team/Data/2025_HYPOCHIR_Dataset/Segmentation/B0001/20250411_0011_ref,/media/nas/LSL_Team/Data/2025_HYPOCHIR_Dataset/Segmentation/B0001/20250411_0011_ref/Annotations/20250411_0011_ref.png
/media/nas/LSL_Team/Data/2025_HYPOCHIR_Dataset/Segmentation/B0001/20250411_0012_ref,/media/nas/LSL_Team/Data/2025_HYPOCHIR_Dataset/Segmentation/B0001/20250411_0012_ref/Annotations/20250411_0012_ref.png
/media/nas/LSL_Team/Data/2025_HYPOCHIR_Dataset/Segmentation/B0001/20250411_0013_ref,/media/nas/LSL_Team/Data/2025_HYPOCHIR_Dataset/Segmentation/B0001/20250411_0013_ref/Annotations/20250411_0013_ref.png
/media/nas/LSL_Team/Data/2025_HYPOCHIR_Dataset/Segmentation/B0001/20250411_0014_ref,/media/nas/LSL_Team/Data/2025_HYPOCHIR_Dataset/Segmentation/B0001/20250411_0014_ref/Annotations/20250411_0014_ref.png
/media/nas/LSL_Team/Data/2025_HYPOCHIR_Dataset/Segmentation/B0001/20250411_0015_ref,/media/nas/LSL_Team/Data/2025_HYPOCHIR_Dataset/Segmentation/B0001/20250411_0015_ref/Annotations/20250411_0015_ref.png
/media/nas/LSL_Team/Data/2025_HYPOCHIR_Dataset/Segmentation/B0001/20250411_0016_ref,/media/nas/LSL_Team/Data/2025_HYPOCHIR_Dataset/Segmentation/B0001/20250411_0016_ref/Annotations/20250411_0016_ref.png
/media/nas/LSL_Team/Data/2025_HYPOCHIR_Dataset/Segmentation/B0001/20250411_0017_ref,/media/nas/LSL_Team/Data/2025_HYPOCHIR_Dataset/Segmentation/B0001/20250411_0017_ref/Annotations/20250411_0017_ref.png
/media/nas/LSL_Team/Data/2025_HYPOCHIR_Dataset/Segmentation/B0001/20250411_0018_ref,/media/nas/LSL_Team/Data/2025_HYPOCHIR_Dataset/Segmentation/B0001/20250411_0018_ref/Annotations/20250411_0018_ref.png
/media/nas/LSL_Team/Data/2025_HYPOCHIR_Dataset/Segmentation/B0001/20250411_0019_ref,/media/nas/LSL_Team/Data/2025_HYPOCHIR_Dataset/Segmentation/B0001/20250411_0019_ref/Annotations/20250411_0019_ref.png
/media/nas/LSL_Team/Data/2025_HYPOCHIR_Dataset/Segmentation/B0001/20250411_0020_ref,/media/nas/LSL_Team/Data/2025_HYPOCHIR_Dataset/Segmentation/B0001/20250411_0020_ref/Annotations/20250411_0020_ref.png
/media/nas/LSL_Team/Data/2025_HYPOCHIR_Dataset/Segmentation/B0001/20250411_0021_ref,/media/nas/LSL_Team/Data/2025_HYPOCHIR_Dataset/Segmentation/B0001/20250411_0021_ref/Annotations/20250411_0021_ref.png
/media/nas/LSL_Team/Data/2025_HYPOCHIR_Dataset/Segmentation/B0002/20250418_0044_ref,/media/nas/LSL_Team/Data/2025_HYPOCHIR_Dataset/Segmentation/B0002/20250418_0044_ref/Annotations/20250418_0044_ref.png
/media/nas/LSL_Team/Data/2025_HYPOCHIR_Dataset/Segmentation/B0002/20250417_0023_ref,/media/nas/LSL_Team/Data/2025_HYPOCHIR_Dataset/Segmentation/B0002/20250417_0023_ref/Annotations/20250417_0023_ref.png
/media/nas/LSL_Team/Data/2025_HYPOCHIR_Dataset/Segmentation/B0002/20250417_0024_ref,/media/nas/LSL_Team/Data/2025_HYPOCHIR_Dataset/Segmentation/B0002/20250417_0024_ref/Annotations/20250417_0024_ref.png
/media/nas/LSL_Team/Data/2025_HYPOCHIR_Dataset/Segmentation/B0002/20250417_0025_ref,/media/nas/LSL_Team/Data/2025_HYPOCHIR_Dataset/Segmentation/B0002/20250417_0025_ref/Annotations/20250417_0025_ref.png
/media/nas/LSL_Team/Data/2025_HYPOCHIR_Dataset/Segmentation/B0002/20250417_0026_ref,/media/nas/LSL_Team/Data/2025_HYPOCHIR_Dataset/Segmentation/B0002/20250417_0026_ref/Annotations/20250417_0026_ref.png
/media/nas/LSL_Team/Data/2025_HYPOCHIR_Dataset/Segmentation/B0002/20250417_0027_ref,/media/nas/LSL_Team/Data/2025_HYPOCHIR_Dataset/Segmentation/B0002/20250417_0027_ref/Annotations/20250417_0027_ref.png
/media/nas/LSL_Team/Data/2025_HYPOCHIR_Dataset/Segmentation/B0002/20250417_0028_ref,/media/nas/LSL_Team/Data/2025_HYPOCHIR_Dataset/Segmentation/B0002/20250417_0028_ref/Annotations/20250417_0028_ref.png
/media/nas/LSL_Team/Data/2025_HYPOCHIR_Dataset/Segmentation/B0002/20250417_0029_ref,/media/nas/LSL_Team/Data/2025_HYPOCHIR_Dataset/Segmentation/B0002/20250417_0029_ref/Annotations/20250417_0029_ref.png
/media/nas/LSL_Team/Data/2025_HYPOCHIR_Dataset/Segmentation/B0002/20250417_0030_ref,/media/nas/LSL_Team/Data/2025_HYPOCHIR_Dataset/Segmentation/B0002/20250417_0030_ref/Annotations/20250417_0030_ref.png
/media/nas/LSL_Team/Data/2025_HYPOCHIR_Dataset/Segmentation/B0002/20250417_0031_ref,/media/nas/LSL_Team/Data/2025_HYPOCHIR_Dataset/Segmentation/B0002/20250417_0031_ref/Annotations/20250417_0031_ref.png
/media/nas/LSL_Team/Data/2025_HYPOCHIR_Dataset/Segmentation/B0002/20250417_0032_ref,/media/nas/LSL_Team/Data/2025_HYPOCHIR_Dataset/Segmentation/B0002/20250417_0032_ref/Annotations/20250417_0032_ref.png
/media/nas/LSL_Team/Data/2025_HYPOCHIR_Dataset/Segmentation/B0002/20250417_0033_ref,/media/nas/LSL_Team/Data/2025_HYPOCHIR_Dataset/Segmentation/B0002/20250417_0033_ref/Annotations/20250417_0033_ref.png
/media/nas/LSL_Team/Data/2025_HYPOCHIR_Dataset/Segmentation/B0002/20250417_0034_ref,/media/nas/LSL_Team/Data/2025_HYPOCHIR_Dataset/Segmentation/B0002/20250417_0034_ref/Annotations/20250417_0034_ref.png
/media/nas/LSL_Team/Data/2025_HYPOCHIR_Dataset/Segmentation/B0002/20250417_0035_ref,/media/nas/LSL_Team/Data/2025_HYPOCHIR_Dataset/Segmentation/B0002/20250417_0035_ref/Annotations/20250417_0035_ref.png
/media/nas/LSL_Team/Data/2025_HYPOCHIR_Dataset/Segmentation/B0002/20250417_0036_ref,/media/nas/LSL_Team/Data/2025_HYPOCHIR_Dataset/Segmentation/B0002/20250417_0036_ref/Annotations/20250417_0036_ref.png
/media/nas/LSL_Team/Data/2025_HYPOCHIR_Dataset/Segmentation/B0002/20250417_0037_ref,/media/nas/LSL_Team/Data/2025_HYPOCHIR_Dataset/Segmentation/B0002/20250417_0037_ref/Annotations/20250417_0037_ref.png
/media/nas/LSL_Team/Data/2025_HYPOCHIR_Dataset/Segmentation/B0002/20250417_0038_ref,/media/nas/LSL_Team/Data/2025_HYPOCHIR_Dataset/Segmentation/B0002/20250417_0038_ref/Annotations/20250417_0038_ref.png
/media/nas/LSL_Team/Data/2025_HYPOCHIR_Dataset/Segmentation/B0002/20250418_0039_ref,/media/nas/LSL_Team/Data/2025_HYPOCHIR_Dataset/Segmentation/B0002/20250418_0039_ref/Annotations/20250418_0039_ref.png
/media/nas/LSL_Team/Data/2025_HYPOCHIR_Dataset/Segmentation/B0002/20250418_0040_ref,/media/nas/LSL_Team/Data/2025_HYPOCHIR_Dataset/Segmentation/B0002/20250418_0040_ref/Annotations/20250418_0040_ref.png
/media/nas/LSL_Team/Data/2025_HYPOCHIR_Dataset/Segmentation/B0002/20250418_0041_ref,/media/nas/LSL_Team/Data/2025_HYPOCHIR_Dataset/Segmentation/B0002/20250418_0041_ref/Annotations/20250418_0041_ref.png
/media/nas/LSL_Team/Data/2025_HYPOCHIR_Dataset/Segmentation/B0002/20250418_0042_ref,/media/nas/LSL_Team/Data/2025_HYPOCHIR_Dataset/Segmentation/B0002/20250418_0042_ref/Annotations/20250418_0042_ref.png
/media/nas/LSL_Team/Data/2025_HYPOCHIR_Dataset/Segmentation/B0002/20250418_0043_ref,/media/nas/LSL_Team/Data/2025_HYPOCHIR_Dataset/Segmentation/B0002/20250418_0043_ref/Annotations/20250418_0043_ref.png
/media/nas/LSL_Team/Data/2025_HYPOCHIR_Dataset/Segmentation/B0003/20250418_0066_ref,/media/nas/LSL_Team/Data/2025_HYPOCHIR_Dataset/Segmentation/B0003/20250418_0066_ref/Annotations/20250418_0066_ref.png
/media/nas/LSL_Team/Data/2025_HYPOCHIR_Dataset/Segmentation/B0003/20250418_0045_ref,/media/nas/LSL_Team/Data/2025_HYPOCHIR_Dataset/Segmentation/B0003/20250418_0045_ref/Annotations/20250418_0045_ref.png
/media/nas/LSL_Team/Data/2025_HYPOCHIR_Dataset/Segmentation/B0003/20250418_0046_ref,/media/nas/LSL_Team/Data/2025_HYPOCHIR_Dataset/Segmentation/B0003/20250418_0046_ref/Annotations/20250418_0046_ref.png
/media/nas/LSL_Team/Data/2025_HYPOCHIR_Dataset/Segmentation/B0003/20250418_0047_ref,/media/nas/LSL_Team/Data/2025_HYPOCHIR_Dataset/Segmentation/B0003/20250418_0047_ref/Annotations/20250418_0047_ref.png
/media/nas/LSL_Team/Data/2025_HYPOCHIR_Dataset/Segmentation/B0003/20250418_0048_ref,/media/nas/LSL_Team/Data/2025_HYPOCHIR_Dataset/Segmentation/B0003/20250418_0048_ref/Annotations/20250418_0048_ref.png
/media/nas/LSL_Team/Data/2025_HYPOCHIR_Dataset/Segmentation/B0003/20250418_0049_ref,/media/nas/LSL_Team/Data/2025_HYPOCHIR_Dataset/Segmentation/B0003/20250418_0049_ref/Annotations/20250418_0049_ref.png
/media/nas/LSL_Team/Data/2025_HYPOCHIR_Dataset/Segmentation/B0003/20250418_0050_ref,/media/nas/LSL_Team/Data/2025_HYPOCHIR_Dataset/Segmentation/B0003/20250418_0050_ref/Annotations/20250418_0050_ref.png
/media/nas/LSL_Team/Data/2025_HYPOCHIR_Dataset/Segmentation/B0003/20250418_0051_ref,/media/nas/LSL_Team/Data/2025_HYPOCHIR_Dataset/Segmentation/B0003/20250418_0051_ref/Annotations/20250418_0051_ref.png
/media/nas/LSL_Team/Data/2025_HYPOCHIR_Dataset/Segmentation/B0003/20250418_0052_ref,/media/nas/LSL_Team/Data/2025_HYPOCHIR_Dataset/Segmentation/B0003/20250418_0052_ref/Annotations/20250418_0052_ref.png
/media/nas/LSL_Team/Data/2025_HYPOCHIR_Dataset/Segmentation/B0003/20250418_0053_ref,/media/nas/LSL_Team/Data/2025_HYPOCHIR_Dataset/Segmentation/B0003/20250418_0053_ref/Annotations/20250418_0053_ref.png
/media/nas/LSL_Team/Data/2025_HYPOCHIR_Dataset/Segmentation/B0003/20250418_0054_ref,/media/nas/LSL_Team/Data/2025_HYPOCHIR_Dataset/Segmentation/B0003/20250418_0054_ref/Annotations/20250418_0054_ref.png
/media/nas/LSL_Team/Data/2025_HYPOCHIR_Dataset/Segmentation/B0003/20250418_0055_ref,/media/nas/LSL_Team/Data/2025_HYPOCHIR_Dataset/Segmentation/B0003/20250418_0055_ref/Annotations/20250418_0055_ref.png
/media/nas/LSL_Team/Data/2025_HYPOCHIR_Dataset/Segmentation/B0003/20250418_0056_ref,/media/nas/LSL_Team/Data/2025_HYPOCHIR_Dataset/Segmentation/B0003/20250418_0056_ref/Annotations/20250418_0056_ref.png
/media/nas/LSL_Team/Data/2025_HYPOCHIR_Dataset/Segmentation/B0003/20250418_0057_ref,/media/nas/LSL_Team/Data/2025_HYPOCHIR_Dataset/Segmentation/B0003/20250418_0057_ref/Annotations/20250418_0057_ref.png
/media/nas/LSL_Team/Data/2025_HYPOCHIR_Dataset/Segmentation/B0003/20250418_0058_ref,/media/nas/LSL_Team/Data/2025_HYPOCHIR_Dataset/Segmentation/B0003/20250418_0058_ref/Annotations/20250418_0058_ref.png
/media/nas/LSL_Team/Data/2025_HYPOCHIR_Dataset/Segmentation/B0003/20250418_0059_ref,/media/nas/LSL_Team/Data/2025_HYPOCHIR_Dataset/Segmentation/B0003/20250418_0059_ref/Annotations/20250418_0059_ref.png
/media/nas/LSL_Team/Data/2025_HYPOCHIR_Dataset/Segmentation/B0003/20250418_0060_ref,/media/nas/LSL_Team/Data/2025_HYPOCHIR_Dataset/Segmentation/B0003/20250418_0060_ref/Annotations/20250418_0060_ref.png
/media/nas/LSL_Team/Data/2025_HYPOCHIR_Dataset/Segmentation/B0003/20250418_0061_ref,/media/nas/LSL_Team/Data/2025_HYPOCHIR_Dataset/Segmentation/B0003/20250418_0061_ref/Annotations/20250418_0061_ref.png
/media/nas/LSL_Team/Data/2025_HYPOCHIR_Dataset/Segmentation/B0003/20250418_0062_ref,/media/nas/LSL_Team/Data/2025_HYPOCHIR_Dataset/Segmentation/B0003/20250418_0062_ref/Annotations/20250418_0062_ref.png
/media/nas/LSL_Team/Data/2025_HYPOCHIR_Dataset/Segmentation/B0003/20250418_0063_ref,/media/nas/LSL_Team/Data/2025_HYPOCHIR_Dataset/Segmentation/B0003/20250418_0063_ref/Annotations/20250418_0063_ref.png
/media/nas/LSL_Team/Data/2025_HYPOCHIR_Dataset/Segmentation/B0003/20250418_0064_ref,/media/nas/LSL_Team/Data/2025_HYPOCHIR_Dataset/Segmentation/B0003/20250418_0064_ref/Annotations/20250418_0064_ref.png
/media/nas/LSL_Team/Data/2025_HYPOCHIR_Dataset/Segmentation/B0003/20250418_0065_ref,/media/nas/LSL_Team/Data/2025_HYPOCHIR_Dataset/Segmentation/B0003/20250418_0065_ref/Annotations/20250418_0065_ref.png
/media/nas/LSL_Team/Data/2025_HYPOCHIR_Dataset/Segmentation/B0004/20250425_0088_ref,/media/nas/LSL_Team/Data/2025_HYPOCHIR_Dataset/Segmentation/B0004/20250425_0088_ref/Annotations/20250425_0088_ref.png
/media/nas/LSL_Team/Data/2025_HYPOCHIR_Dataset/Segmentation/B0004/20250425_0067_ref,/media/nas/LSL_Team/Data/2025_HYPOCHIR_Dataset/Segmentation/B0004/20250425_0067_ref/Annotations/20250425_0067_ref.png
/media/nas/LSL_Team/Data/2025_HYPOCHIR_Dataset/Segmentation/B0004/20250425_0068_ref,/media/nas/LSL_Team/Data/2025_HYPOCHIR_Dataset/Segmentation/B0004/20250425_0068_ref/Annotations/20250425_0068_ref.png
/media/nas/LSL_Team/Data/2025_HYPOCHIR_Dataset/Segmentation/B0004/20250425_0069_ref,/media/nas/LSL_Team/Data/2025_HYPOCHIR_Dataset/Segmentation/B0004/20250425_0069_ref/Annotations/20250425_0069_ref.png
/media/nas/LSL_Team/Data/2025_HYPOCHIR_Dataset/Segmentation/B0004/20250425_0070_ref,/media/nas/LSL_Team/Data/2025_HYPOCHIR_Dataset/Segmentation/B0004/20250425_0070_ref/Annotations/20250425_0070_ref.png
/media/nas/LSL_Team/Data/2025_HYPOCHIR_Dataset/Segmentation/B0004/20250425_0071_ref,/media/nas/LSL_Team/Data/2025_HYPOCHIR_Dataset/Segmentation/B0004/20250425_0071_ref/Annotations/20250425_0071_ref.png
/media/nas/LSL_Team/Data/2025_HYPOCHIR_Dataset/Segmentation/B0004/20250425_0072_ref,/media/nas/LSL_Team/Data/2025_HYPOCHIR_Dataset/Segmentation/B0004/20250425_0072_ref/Annotations/20250425_0072_ref.png
/media/nas/LSL_Team/Data/2025_HYPOCHIR_Dataset/Segmentation/B0004/20250425_0073_ref,/media/nas/LSL_Team/Data/2025_HYPOCHIR_Dataset/Segmentation/B0004/20250425_0073_ref/Annotations/20250425_0073_ref.png
/media/nas/LSL_Team/Data/2025_HYPOCHIR_Dataset/Segmentation/B0004/20250425_0074_ref,/media/nas/LSL_Team/Data/2025_HYPOCHIR_Dataset/Segmentation/B0004/20250425_0074_ref/Annotations/20250425_0074_ref.png
/media/nas/LSL_Team/Data/2025_HYPOCHIR_Dataset/Segmentation/B0004/20250425_0075_ref,/media/nas/LSL_Team/Data/2025_HYPOCHIR_Dataset/Segmentation/B0004/20250425_0075_ref/Annotations/20250425_0075_ref.png
/media/nas/LSL_Team/Data/2025_HYPOCHIR_Dataset/Segmentation/B0004/20250425_0076_ref,/media/nas/LSL_Team/Data/2025_HYPOCHIR_Dataset/Segmentation/B0004/20250425_0076_ref/Annotations/20250425_0076_ref.png
/media/nas/LSL_Team/Data/2025_HYPOCHIR_Dataset/Segmentation/B0004/20250425_0077_ref,/media/nas/LSL_Team/Data/2025_HYPOCHIR_Dataset/Segmentation/B0004/20250425_0077_ref/Annotations/20250425_0077_ref.png
/media/nas/LSL_Team/Data/2025_HYPOCHIR_Dataset/Segmentation/B0004/20250425_0078_ref,/media/nas/LSL_Team/Data/2025_HYPOCHIR_Dataset/Segmentation/B0004/20250425_0078_ref/Annotations/20250425_0078_ref.png
/media/nas/LSL_Team/Data/2025_HYPOCHIR_Dataset/Segmentation/B0004/20250425_0079_ref,/media/nas/LSL_Team/Data/2025_HYPOCHIR_Dataset/Segmentation/B0004/20250425_0079_ref/Annotations/20250425_0079_ref.png
/media/nas/LSL_Team/Data/2025_HYPOCHIR_Dataset/Segmentation/B0004/20250425_0080_ref,/media/nas/LSL_Team/Data/2025_HYPOCHIR_Dataset/Segmentation/B0004/20250425_0080_ref/Annotations/20250425_0080_ref.png
/media/nas/LSL_Team/Data/2025_HYPOCHIR_Dataset/Segmentation/B0004/20250425_0081_ref,/media/nas/LSL_Team/Data/2025_HYPOCHIR_Dataset/Segmentation/B0004/20250425_0081_ref/Annotations/20250425_0081_ref.png
/media/nas/LSL_Team/Data/2025_HYPOCHIR_Dataset/Segmentation/B0004/20250425_0082_ref,/media/nas/LSL_Team/Data/2025_HYPOCHIR_Dataset/Segmentation/B0004/20250425_0082_ref/Annotations/20250425_0082_ref.png
/media/nas/LSL_Team/Data/2025_HYPOCHIR_Dataset/Segmentation/B0004/20250425_0083_ref,/media/nas/LSL_Team/Data/2025_HYPOCHIR_Dataset/Segmentation/B0004/20250425_0083_ref/Annotations/20250425_0083_ref.png
/media/nas/LSL_Team/Data/2025_HYPOCHIR_Dataset/Segmentation/B0004/20250425_0084_ref,/media/nas/LSL_Team/Data/2025_HYPOCHIR_Dataset/Segmentation/B0004/20250425_0084_ref/Annotations/20250425_0084_ref.png
/media/nas/LSL_Team/Data/2025_HYPOCHIR_Dataset/Segmentation/B0004/20250425_0085_ref,/media/nas/LSL_Team/Data/2025_HYPOCHIR_Dataset/Segmentation/B0004/20250425_0085_ref/Annotations/20250425_0085_ref.png
/media/nas/LSL_Team/Data/2025_HYPOCHIR_Dataset/Segmentation/B0004/20250425_0086_ref,/media/nas/LSL_Team/Data/2025_HYPOCHIR_Dataset/Segmentation/B0004/20250425_0086_ref/Annotations/20250425_0086_ref.png
/media/nas/LSL_Team/Data/2025_HYPOCHIR_Dataset/Segmentation/B0004/20250425_0087_ref,/media/nas/LSL_Team/Data/2025_HYPOCHIR_Dataset/Segmentation/B0004/20250425_0087_ref/Annotations/20250425_0087_ref.png
/media/nas/LSL_Team/Data/2025_HYPOCHIR_Dataset/Segmentation/B0005/20250502_0110_ref,/media/nas/LSL_Team/Data/2025_HYPOCHIR_Dataset/Segmentation/B0005/20250502_0110_ref/Annotations/20250502_0110_ref.png
/media/nas/LSL_Team/Data/2025_HYPOCHIR_Dataset/Segmentation/B0005/20250502_0089_ref,/media/nas/LSL_Team/Data/2025_HYPOCHIR_Dataset/Segmentation/B0005/20250502_0089_ref/Annotations/20250502_0089_ref.png
/media/nas/LSL_Team/Data/2025_HYPOCHIR_Dataset/Segmentation/B0005/20250502_0090_ref,/media/nas/LSL_Team/Data/2025_HYPOCHIR_Dataset/Segmentation/B0005/20250502_0090_ref/Annotations/20250502_0090_ref.png
/media/nas/LSL_Team/Data/2025_HYPOCHIR_Dataset/Segmentation/B0005/20250502_0091_ref,/media/nas/LSL_Team/Data/2025_HYPOCHIR_Dataset/Segmentation/B0005/20250502_0091_ref/Annotations/20250502_0091_ref.png
/media/nas/LSL_Team/Data/2025_HYPOCHIR_Dataset/Segmentation/B0005/20250502_0092_ref,/media/nas/LSL_Team/Data/2025_HYPOCHIR_Dataset/Segmentation/B0005/20250502_0092_ref/Annotations/20250502_0092_ref.png
/media/nas/LSL_Team/Data/2025_HYPOCHIR_Dataset/Segmentation/B0005/20250502_0093_ref,/media/nas/LSL_Team/Data/2025_HYPOCHIR_Dataset/Segmentation/B0005/20250502_0093_ref/Annotations/20250502_0093_ref.png
/media/nas/LSL_Team/Data/2025_HYPOCHIR_Dataset/Segmentation/B0005/20250502_0094_ref,/media/nas/LSL_Team/Data/2025_HYPOCHIR_Dataset/Segmentation/B0005/20250502_0094_ref/Annotations/20250502_0094_ref.png
/media/nas/LSL_Team/Data/2025_HYPOCHIR_Dataset/Segmentation/B0005/20250502_0095_ref,/media/nas/LSL_Team/Data/2025_HYPOCHIR_Dataset/Segmentation/B0005/20250502_0095_ref/Annotations/20250502_0095_ref.png
/media/nas/LSL_Team/Data/2025_HYPOCHIR_Dataset/Segmentation/B0005/20250502_0096_ref,/media/nas/LSL_Team/Data/2025_HYPOCHIR_Dataset/Segmentation/B0005/20250502_0096_ref/Annotations/20250502_0096_ref.png
/media/nas/LSL_Team/Data/2025_HYPOCHIR_Dataset/Segmentation/B0005/20250502_0097_ref,/media/nas/LSL_Team/Data/2025_HYPOCHIR_Dataset/Segmentation/B0005/20250502_0097_ref/Annotations/20250502_0097_ref.png
/media/nas/LSL_Team/Data/2025_HYPOCHIR_Dataset/Segmentation/B0005/20250502_0098_ref,/media/nas/LSL_Team/Data/2025_HYPOCHIR_Dataset/Segmentation/B0005/20250502_0098_ref/Annotations/20250502_0098_ref.png
/media/nas/LSL_Team/Data/2025_HYPOCHIR_Dataset/Segmentation/B0005/20250502_0099_ref,/media/nas/LSL_Team/Data/2025_HYPOCHIR_Dataset/Segmentation/B0005/20250502_0099_ref/Annotations/20250502_0099_ref.png
/media/nas/LSL_Team/Data/2025_HYPOCHIR_Dataset/Segmentation/B0005/20250502_0100_ref,/media/nas/LSL_Team/Data/2025_HYPOCHIR_Dataset/Segmentation/B0005/20250502_0100_ref/Annotations/20250502_0100_ref.png
/media/nas/LSL_Team/Data/2025_HYPOCHIR_Dataset/Segmentation/B0005/20250502_0101_ref,/media/nas/LSL_Team/Data/2025_HYPOCHIR_Dataset/Segmentation/B0005/20250502_0101_ref/Annotations/20250502_0101_ref.png
/media/nas/LSL_Team/Data/2025_HYPOCHIR_Dataset/Segmentation/B0005/20250502_0102_ref,/media/nas/LSL_Team/Data/2025_HYPOCHIR_Dataset/Segmentation/B0005/20250502_0102_ref/Annotations/20250502_0102_ref.png
/media/nas/LSL_Team/Data/2025_HYPOCHIR_Dataset/Segmentation/B0005/20250502_0103_ref,/media/nas/LSL_Team/Data/2025_HYPOCHIR_Dataset/Segmentation/B0005/20250502_0103_ref/Annotations/20250502_0103_ref.png
/media/nas/LSL_Team/Data/2025_HYPOCHIR_Dataset/Segmentation/B0005/20250502_0104_ref,/media/nas/LSL_Team/Data/2025_HYPOCHIR_Dataset/Segmentation/B0005/20250502_0104_ref/Annotations/20250502_0104_ref.png
/media/nas/LSL_Team/Data/2025_HYPOCHIR_Dataset/Segmentation/B0005/20250502_0105_ref,/media/nas/LSL_Team/Data/2025_HYPOCHIR_Dataset/Segmentation/B0005/20250502_0105_ref/Annotations/20250502_0105_ref.png
/media/nas/LSL_Team/Data/2025_HYPOCHIR_Dataset/Segmentation/B0005/20250502_0106_ref,/media/nas/LSL_Team/Data/2025_HYPOCHIR_Dataset/Segmentation/B0005/20250502_0106_ref/Annotations/20250502_0106_ref.png
/media/nas/LSL_Team/Data/2025_HYPOCHIR_Dataset/Segmentation/B0005/20250502_0107_ref,/media/nas/LSL_Team/Data/2025_HYPOCHIR_Dataset/Segmentation/B0005/20250502_0107_ref/Annotations/20250502_0107_ref.png
/media/nas/LSL_Team/Data/2025_HYPOCHIR_Dataset/Segmentation/B0005/20250502_0108_ref,/media/nas/LSL_Team/Data/2025_HYPOCHIR_Dataset/Segmentation/B0005/20250502_0108_ref/Annotations/20250502_0108_ref.png
/media/nas/LSL_Team/Data/2025_HYPOCHIR_Dataset/Segmentation/B0005/20250502_0109_ref,/media/nas/LSL_Team/Data/2025_HYPOCHIR_Dataset/Segmentation/B0005/20250502_0109_ref/Annotations/20250502_0109_ref.png
/media/nas/LSL_Team/Data/2025_HYPOCHIR_Dataset/Segmentation/B0006/20250507_0132_ref,/media/nas/LSL_Team/Data/2025_HYPOCHIR_Dataset/Segmentation/B0006/20250507_0132_ref/Annotations/20250507_0132_ref.png
/media/nas/LSL_Team/Data/2025_HYPOCHIR_Dataset/Segmentation/B0006/20250507_0111_ref,/media/nas/LSL_Team/Data/2025_HYPOCHIR_Dataset/Segmentation/B0006/20250507_0111_ref/Annotations/20250507_0111_ref.png
/media/nas/LSL_Team/Data/2025_HYPOCHIR_Dataset/Segmentation/B0006/20250507_0112_ref,/media/nas/LSL_Team/Data/2025_HYPOCHIR_Dataset/Segmentation/B0006/20250507_0112_ref/Annotations/20250507_0112_ref.png
/media/nas/LSL_Team/Data/2025_HYPOCHIR_Dataset/Segmentation/B0006/20250507_0113_ref,/media/nas/LSL_Team/Data/2025_HYPOCHIR_Dataset/Segmentation/B0006/20250507_0113_ref/Annotations/20250507_0113_ref.png
/media/nas/LSL_Team/Data/2025_HYPOCHIR_Dataset/Segmentation/B0006/20250507_0114_ref,/media/nas/LSL_Team/Data/2025_HYPOCHIR_Dataset/Segmentation/B0006/20250507_0114_ref/Annotations/20250507_0114_ref.png
/media/nas/LSL_Team/Data/2025_HYPOCHIR_Dataset/Segmentation/B0006/20250507_0115_ref,/media/nas/LSL_Team/Data/2025_HYPOCHIR_Dataset/Segmentation/B0006/20250507_0115_ref/Annotations/20250507_0115_ref.png
/media/nas/LSL_Team/Data/2025_HYPOCHIR_Dataset/Segmentation/B0006/20250507_0116_ref,/media/nas/LSL_Team/Data/2025_HYPOCHIR_Dataset/Segmentation/B0006/20250507_0116_ref/Annotations/20250507_0116_ref.png
/media/nas/LSL_Team/Data/2025_HYPOCHIR_Dataset/Segmentation/B0006/20250507_0117_ref,/media/nas/LSL_Team/Data/2025_HYPOCHIR_Dataset/Segmentation/B0006/20250507_0117_ref/Annotations/20250507_0117_ref.png
/media/nas/LSL_Team/Data/2025_HYPOCHIR_Dataset/Segmentation/B0006/20250507_0118_ref,/media/nas/LSL_Team/Data/2025_HYPOCHIR_Dataset/Segmentation/B0006/20250507_0118_ref/Annotations/20250507_0118_ref.png
/media/nas/LSL_Team/Data/2025_HYPOCHIR_Dataset/Segmentation/B0006/20250507_0119_ref,/media/nas/LSL_Team/Data/2025_HYPOCHIR_Dataset/Segmentation/B0006/20250507_0119_ref/Annotations/20250507_0119_ref.png
/media/nas/LSL_Team/Data/2025_HYPOCHIR_Dataset/Segmentation/B0006/20250507_0120_ref,/media/nas/LSL_Team/Data/2025_HYPOCHIR_Dataset/Segmentation/B0006/20250507_0120_ref/Annotations/20250507_0120_ref.png
/media/nas/LSL_Team/Data/2025_HYPOCHIR_Dataset/Segmentation/B0006/20250507_0121_ref,/media/nas/LSL_Team/Data/2025_HYPOCHIR_Dataset/Segmentation/B0006/20250507_0121_ref/Annotations/20250507_0121_ref.png
/media/nas/LSL_Team/Data/2025_HYPOCHIR_Dataset/Segmentation/B0006/20250507_0122_ref,/media/nas/LSL_Team/Data/2025_HYPOCHIR_Dataset/Segmentation/B0006/20250507_0122_ref/Annotations/20250507_0122_ref.png
/media/nas/LSL_Team/Data/2025_HYPOCHIR_Dataset/Segmentation/B0006/20250507_0123_ref,/media/nas/LSL_Team/Data/2025_HYPOCHIR_Dataset/Segmentation/B0006/20250507_0123_ref/Annotations/20250507_0123_ref.png
/media/nas/LSL_Team/Data/2025_HYPOCHIR_Dataset/Segmentation/B0006/20250507_0124_ref,/media/nas/LSL_Team/Data/2025_HYPOCHIR_Dataset/Segmentation/B0006/20250507_0124_ref/Annotations/20250507_0124_ref.png
/media/nas/LSL_Team/Data/2025_HYPOCHIR_Dataset/Segmentation/B0006/20250507_0125_ref,/media/nas/LSL_Team/Data/2025_HYPOCHIR_Dataset/Segmentation/B0006/20250507_0125_ref/Annotations/20250507_0125_ref.png
/media/nas/LSL_Team/Data/2025_HYPOCHIR_Dataset/Segmentation/B0006/20250507_0126_ref,/media/nas/LSL_Team/Data/2025_HYPOCHIR_Dataset/Segmentation/B0006/20250507_0126_ref/Annotations/20250507_0126_ref.png
/media/nas/LSL_Team/Data/2025_HYPOCHIR_Dataset/Segmentation/B0006/20250507_0127_ref,/media/nas/LSL_Team/Data/2025_HYPOCHIR_Dataset/Segmentation/B0006/20250507_0127_ref/Annotations/20250507_0127_ref.png
/media/nas/LSL_Team/Data/2025_HYPOCHIR_Dataset/Segmentation/B0006/20250507_0128_ref,/media/nas/LSL_Team/Data/2025_HYPOCHIR_Dataset/Segmentation/B0006/20250507_0128_ref/Annotations/20250507_0128_ref.png
/media/nas/LSL_Team/Data/2025_HYPOCHIR_Dataset/Segmentation/B0006/20250507_0129_ref,/media/nas/LSL_Team/Data/2025_HYPOCHIR_Dataset/Segmentation/B0006/20250507_0129_ref/Annotations/20250507_0129_ref.png
/media/nas/LSL_Team/Data/2025_HYPOCHIR_Dataset/Segmentation/B0006/20250507_0130_ref,/media/nas/LSL_Team/Data/2025_HYPOCHIR_Dataset/Segmentation/B0006/20250507_0130_ref/Annotations/20250507_0130_ref.png
/media/nas/LSL_Team/Data/2025_HYPOCHIR_Dataset/Segmentation/B0006/20250507_0131_ref,/media/nas/LSL_Team/Data/2025_HYPOCHIR_Dataset/Segmentation/B0006/20250507_0131_ref/Annotations/20250507_0131_ref.png
/media/nas/LSL_Team/Data/2025_HYPOCHIR_Dataset/Segmentation/B0007/20250509_0154_ref,/media/nas/LSL_Team/Data/2025_HYPOCHIR_Dataset/Segmentation/B0007/20250509_0154_ref/Annotations/20250509_0154_ref.png
/media/nas/LSL_Team/Data/2025_HYPOCHIR_Dataset/Segmentation/B0007/20250509_0133_ref,/media/nas/LSL_Team/Data/2025_HYPOCHIR_Dataset/Segmentation/B0007/20250509_0133_ref/Annotations/20250509_0133_ref.png
/media/nas/LSL_Team/Data/2025_HYPOCHIR_Dataset/Segmentation/B0007/20250509_0134_ref,/media/nas/LSL_Team/Data/2025_HYPOCHIR_Dataset/Segmentation/B0007/20250509_0134_ref/Annotations/20250509_0134_ref.png
/media/nas/LSL_Team/Data/2025_HYPOCHIR_Dataset/Segmentation/B0007/20250509_0135_ref,/media/nas/LSL_Team/Data/2025_HYPOCHIR_Dataset/Segmentation/B0007/20250509_0135_ref/Annotations/20250509_0135_ref.png
/media/nas/LSL_Team/Data/2025_HYPOCHIR_Dataset/Segmentation/B0007/20250509_0136_ref,/media/nas/LSL_Team/Data/2025_HYPOCHIR_Dataset/Segmentation/B0007/20250509_0136_ref/Annotations/20250509_0136_ref.png
/media/nas/LSL_Team/Data/2025_HYPOCHIR_Dataset/Segmentation/B0007/20250509_0137_ref,/media/nas/LSL_Team/Data/2025_HYPOCHIR_Dataset/Segmentation/B0007/20250509_0137_ref/Annotations/20250509_0137_ref.png
/media/nas/LSL_Team/Data/2025_HYPOCHIR_Dataset/Segmentation/B0007/20250509_0138_ref,/media/nas/LSL_Team/Data/2025_HYPOCHIR_Dataset/Segmentation/B0007/20250509_0138_ref/Annotations/20250509_0138_ref.png
/media/nas/LSL_Team/Data/2025_HYPOCHIR_Dataset/Segmentation/B0007/20250509_0139_ref,/media/nas/LSL_Team/Data/2025_HYPOCHIR_Dataset/Segmentation/B0007/20250509_0139_ref/Annotations/20250509_0139_ref.png
/media/nas/LSL_Team/Data/2025_HYPOCHIR_Dataset/Segmentation/B0007/20250509_0140_ref,/media/nas/LSL_Team/Data/2025_HYPOCHIR_Dataset/Segmentation/B0007/20250509_0140_ref/Annotations/20250509_0140_ref.png
/media/nas/LSL_Team/Data/2025_HYPOCHIR_Dataset/Segmentation/B0007/20250509_0141_ref,/media/nas/LSL_Team/Data/2025_HYPOCHIR_Dataset/Segmentation/B0007/20250509_0141_ref/Annotations/20250509_0141_ref.png
/media/nas/LSL_Team/Data/2025_HYPOCHIR_Dataset/Segmentation/B0007/20250509_0142_ref,/media/nas/LSL_Team/Data/2025_HYPOCHIR_Dataset/Segmentation/B0007/20250509_0142_ref/Annotations/20250509_0142_ref.png
/media/nas/LSL_Team/Data/2025_HYPOCHIR_Dataset/Segmentation/B0007/20250509_0143_ref,/media/nas/LSL_Team/Data/2025_HYPOCHIR_Dataset/Segmentation/B0007/20250509_0143_ref/Annotations/20250509_0143_ref.png
/media/nas/LSL_Team/Data/2025_HYPOCHIR_Dataset/Segmentation/B0007/20250509_0144_ref,/media/nas/LSL_Team/Data/2025_HYPOCHIR_Dataset/Segmentation/B0007/20250509_0144_ref/Annotations/20250509_0144_ref.png
/media/nas/LSL_Team/Data/2025_HYPOCHIR_Dataset/Segmentation/B0007/20250509_0145_ref,/media/nas/LSL_Team/Data/2025_HYPOCHIR_Dataset/Segmentation/B0007/20250509_0145_ref/Annotations/20250509_0145_ref.png
/media/nas/LSL_Team/Data/2025_HYPOCHIR_Dataset/Segmentation/B0007/20250509_0146_ref,/media/nas/LSL_Team/Data/2025_HYPOCHIR_Dataset/Segmentation/B0007/20250509_0146_ref/Annotations/20250509_0146_ref.png
/media/nas/LSL_Team/Data/2025_HYPOCHIR_Dataset/Segmentation/B0007/20250509_0147_ref,/media/nas/LSL_Team/Data/2025_HYPOCHIR_Dataset/Segmentation/B0007/20250509_0147_ref/Annotations/20250509_0147_ref.png
/media/nas/LSL_Team/Data/2025_HYPOCHIR_Dataset/Segmentation/B0007/20250509_0148_ref,/media/nas/LSL_Team/Data/2025_HYPOCHIR_Dataset/Segmentation/B0007/20250509_0148_ref/Annotations/20250509_0148_ref.png
/media/nas/LSL_Team/Data/2025_HYPOCHIR_Dataset/Segmentation/B0007/20250509_0149_ref,/media/nas/LSL_Team/Data/2025_HYPOCHIR_Dataset/Segmentation/B0007/20250509_0149_ref/Annotations/20250509_0149_ref.png
/media/nas/LSL_Team/Data/2025_HYPOCHIR_Dataset/Segmentation/B0007/20250509_0150_ref,/media/nas/LSL_Team/Data/2025_HYPOCHIR_Dataset/Segmentation/B0007/20250509_0150_ref/Annotations/20250509_0150_ref.png
/media/nas/LSL_Team/Data/2025_HYPOCHIR_Dataset/Segmentation/B0007/20250509_0151_ref,/media/nas/LSL_Team/Data/2025_HYPOCHIR_Dataset/Segmentation/B0007/20250509_0151_ref/Annotations/20250509_0151_ref.png
/media/nas/LSL_Team/Data/2025_HYPOCHIR_Dataset/Segmentation/B0007/20250509_0152_ref,/media/nas/LSL_Team/Data/2025_HYPOCHIR_Dataset/Segmentation/B0007/20250509_0152_ref/Annotations/20250509_0152_ref.png
/media/nas/LSL_Team/Data/2025_HYPOCHIR_Dataset/Segmentation/B0007/20250509_0153_ref,/media/nas/LSL_Team/Data/2025_HYPOCHIR_Dataset/Segmentation/B0007/20250509_0153_ref/Annotations/20250509_0153_ref.png
/media/nas/LSL_Team/Data/2025_HYPOCHIR_Dataset/Segmentation/B0008/20250515_0176_ref,/media/nas/LSL_Team/Data/2025_HYPOCHIR_Dataset/Segmentation/B0008/20250515_0176_ref/Annotations/20250515_0176_ref.png
/media/nas/LSL_Team/Data/2025_HYPOCHIR_Dataset/Segmentation/B0008/20250515_0155_ref,/media/nas/LSL_Team/Data/2025_HYPOCHIR_Dataset/Segmentation/B0008/20250515_0155_ref/Annotations/20250515_0155_ref.png
/media/nas/LSL_Team/Data/2025_HYPOCHIR_Dataset/Segmentation/B0008/20250515_0156_ref,/media/nas/LSL_Team/Data/2025_HYPOCHIR_Dataset/Segmentation/B0008/20250515_0156_ref/Annotations/20250515_0156_ref.png
/media/nas/LSL_Team/Data/2025_HYPOCHIR_Dataset/Segmentation/B0008/20250515_0157_ref,/media/nas/LSL_Team/Data/2025_HYPOCHIR_Dataset/Segmentation/B0008/20250515_0157_ref/Annotations/20250515_0157_ref.png
/media/nas/LSL_Team/Data/2025_HYPOCHIR_Dataset/Segmentation/B0008/20250515_0158_ref,/media/nas/LSL_Team/Data/2025_HYPOCHIR_Dataset/Segmentation/B0008/20250515_0158_ref/Annotations/20250515_0158_ref.png
/media/nas/LSL_Team/Data/2025_HYPOCHIR_Dataset/Segmentation/B0008/20250515_0159_ref,/media/nas/LSL_Team/Data/2025_HYPOCHIR_Dataset/Segmentation/B0008/20250515_0159_ref/Annotations/20250515_0159_ref.png
/media/nas/LSL_Team/Data/2025_HYPOCHIR_Dataset/Segmentation/B0008/20250515_0160_ref,/media/nas/LSL_Team/Data/2025_HYPOCHIR_Dataset/Segmentation/B0008/20250515_0160_ref/Annotations/20250515_0160_ref.png
/media/nas/LSL_Team/Data/2025_HYPOCHIR_Dataset/Segmentation/B0008/20250515_0161_ref,/media/nas/LSL_Team/Data/2025_HYPOCHIR_Dataset/Segmentation/B0008/20250515_0161_ref/Annotations/20250515_0161_ref.png
/media/nas/LSL_Team/Data/2025_HYPOCHIR_Dataset/Segmentation/B0008/20250515_0162_ref,/media/nas/LSL_Team/Data/2025_HYPOCHIR_Dataset/Segmentation/B0008/20250515_0162_ref/Annotations/20250515_0162_ref.png
/media/nas/LSL_Team/Data/2025_HYPOCHIR_Dataset/Segmentation/B0008/20250515_0163_ref,/media/nas/LSL_Team/Data/2025_HYPOCHIR_Dataset/Segmentation/B0008/20250515_0163_ref/Annotations/20250515_0163_ref.png
/media/nas/LSL_Team/Data/2025_HYPOCHIR_Dataset/Segmentation/B0008/20250515_0164_ref,/media/nas/LSL_Team/Data/2025_HYPOCHIR_Dataset/Segmentation/B0008/20250515_0164_ref/Annotations/20250515_0164_ref.png
/media/nas/LSL_Team/Data/2025_HYPOCHIR_Dataset/Segmentation/B0008/20250515_0165_ref,/media/nas/LSL_Team/Data/2025_HYPOCHIR_Dataset/Segmentation/B0008/20250515_0165_ref/Annotations/20250515_0165_ref.png
/media/nas/LSL_Team/Data/2025_HYPOCHIR_Dataset/Segmentation/B0008/20250515_0166_ref,/media/nas/LSL_Team/Data/2025_HYPOCHIR_Dataset/Segmentation/B0008/20250515_0166_ref/Annotations/20250515_0166_ref.png
/media/nas/LSL_Team/Data/2025_HYPOCHIR_Dataset/Segmentation/B0008/20250515_0167_ref,/media/nas/LSL_Team/Data/2025_HYPOCHIR_Dataset/Segmentation/B0008/20250515_0167_ref/Annotations/20250515_0167_ref.png
/media/nas/LSL_Team/Data/2025_HYPOCHIR_Dataset/Segmentation/B0008/20250515_0168_ref,/media/nas/LSL_Team/Data/2025_HYPOCHIR_Dataset/Segmentation/B0008/20250515_0168_ref/Annotations/20250515_0168_ref.png
/media/nas/LSL_Team/Data/2025_HYPOCHIR_Dataset/Segmentation/B0008/20250515_0169_ref,/media/nas/LSL_Team/Data/2025_HYPOCHIR_Dataset/Segmentation/B0008/20250515_0169_ref/Annotations/20250515_0169_ref.png
/media/nas/LSL_Team/Data/2025_HYPOCHIR_Dataset/Segmentation/B0008/20250515_0170_ref,/media/nas/LSL_Team/Data/2025_HYPOCHIR_Dataset/Segmentation/B0008/20250515_0170_ref/Annotations/20250515_0170_ref.png
/media/nas/LSL_Team/Data/2025_HYPOCHIR_Dataset/Segmentation/B0008/20250515_0171_ref,/media/nas/LSL_Team/Data/2025_HYPOCHIR_Dataset/Segmentation/B0008/20250515_0171_ref/Annotations/20250515_0171_ref.png
/media/nas/LSL_Team/Data/2025_HYPOCHIR_Dataset/Segmentation/B0008/20250515_0172_ref,/media/nas/LSL_Team/Data/2025_HYPOCHIR_Dataset/Segmentation/B0008/20250515_0172_ref/Annotations/20250515_0172_ref.png
/media/nas/LSL_Team/Data/2025_HYPOCHIR_Dataset/Segmentation/B0008/20250515_0173_ref,/media/nas/LSL_Team/Data/2025_HYPOCHIR_Dataset/Segmentation/B0008/20250515_0173_ref/Annotations/20250515_0173_ref.png
/media/nas/LSL_Team/Data/2025_HYPOCHIR_Dataset/Segmentation/B0008/20250515_0174_ref,/media/nas/LSL_Team/Data/2025_HYPOCHIR_Dataset/Segmentation/B0008/20250515_0174_ref/Annotations/20250515_0174_ref.png
/media/nas/LSL_Team/Data/2025_HYPOCHIR_Dataset/Segmentation/B0008/20250515_0175_ref,/media/nas/LSL_Team/Data/2025_HYPOCHIR_Dataset/Segmentation/B0008/20250515_0175_ref/Annotations/20250515_0175_ref.png
